Workbook

Sheet Sheet1
A1: 贷款编号 | B1: 贷款金额 | C1: 产品名称 | D1: 商户 | E1: 门店 | F1: SA工号 | G1: SA姓名 | H1: SA状态 | I1: 区域经理工号 | J1: 区域经理名称 | K1: 区域经理助理工号 | L1: 区域经理助理名称 | M1: 区域名称 | N1: 高区名称 | O1: 城市名称 | P1: 大区名称 | Q1: 首次M2 | R1: 首次M3 | S1: 原产品名称
A2: 653102018110203082 | B2: 3800 | C2: 一般产品 | D2: 海口美兰贝肯通讯商店 | E2: 喀什市天地电动车超市 | F2: 13260049 | G2: 满正伯 | H2: 离职 | I2: 12190182 | J2: 李仕兴 | M2: 李仕兴团队 | N2: 邹垚睿团队 | O2: 新疆大区 | P2: 北区团队 | Q2: 1 | R2: 0 | S2: =IFERROR(VLOOKUP(C2,Sheet2!B:E,4,0),C2) -> 一般产品
A3: 522702018110103593 | B3: 3498 | C3: 优惠产品A | D3: 西安高新区兴和电子产品经销部 | E3: 罗甸县边阳镇钰涵科技通讯店 | F3: 08250232 | G3: 黄元梅 | H3: 在职 | I3: 23250401 | J3: 王永辉 | M3: 王永辉团队 | N3: 范光文团队 | O3: 贵州大区 | P3: 西区团队 | Q3: 1 | R3: 0 | S3: =IFERROR(VLOOKUP(C3,Sheet2!B:E,4,0),C3) -> 优惠产品
A4: 150802018110101345 | B4: 2799 | C4: 优惠产品A | D4: 西宁市城西区雅勤通讯设备经营部 | E4: 临河区伟国手机经销河港店 | F4: 12250763 | G4: 李勇 | H4: 在职 | I4: 12070026 | J4: 李刚刚 | M4: 李刚刚团队 | N4: 预留团队5 | O4: 内蒙古大区 | P4: 北区团队 | Q4: 1 | R4: 0 | S4: =IFERROR(VLOOKUP(C4,Sheet2!B:E,4,0),C4) -> 优惠产品
A5: 653102018110103150 | B5: 2800 | C5: 一般产品 | D5: 南昌高新技术产业开发区宇恒联合数码产品店 | E5: 喀什市搏锋电子产品经销部 | F5: 03120154 | G5: 陈丽萍 | H5: 在职 | I5: 13230011 | J5: 买吾拉尼·吐尔逊 | M5: 买吾拉尼·吐尔逊团队 | N5: 邹垚睿团队 | O5: 新疆大区 | P5: 北区团队 | Q5: 1 | R5: 0 | S5: =IFERROR(VLOOKUP(C5,Sheet2!B:E,4,0),C5) -> 一般产品
A6: 650102018110101860 | B6: 3600 | C6: 一般产品 | D6: 西安高新区兴和电子产品经销部 | E6: 乌鲁木齐潮客电子商务有限公司-火车西站安康路西巷信达通通讯店 | F6: 13230025 | G6: 马伟玲 | H6: 在职 | K6: 18250023 | M6: 预留（任永佳） | N6: 高骅团队 | O6: 新疆大区 | P6: 北区团队 | Q6: 1 | R6: 0 | S6: =IFERROR(VLOOKUP(C6,Sheet2!B:E,4,0),C6) -> 一般产品
A7: 520202018110102707 | B7: 2499 | C7: 优惠产品A | D7: 汇川区亨乐尔通讯经营部 | E7: 中国移动 | F7: 04160020 | G7: 段朋元 | H7: 离职 | I7: 26240029 | J7: 邹幸朋 | M7: 邹幸朋团队 | N7: 孙雷团队 | O7: 贵州大区 | P7: 西区团队 | Q7: 1 | R7: 0 | S7: =IFERROR(VLOOKUP(C7,Sheet2!B:E,4,0),C7) -> 优惠产品
A8: 654002018110202514 | B8: 2100 | C8: 一般产品 | D8: 海口美兰贝肯通讯商店 | E8: 霍城县网信春雷手机店 | F8: 02100023 | G8: 白进玉 | H8: 在职 | I8: 13120052 | J8: 马丽娜 | M8: 马丽娜团队 | N8: 陈香团队 | O8: 新疆大区 | P8: 北区团队 | Q8: 1 | R8: 0 | S8: =IFERROR(VLOOKUP(C8,Sheet2!B:E,4,0),C8) -> 一般产品
A9: 520102018110201457 | B9: 1799 | C9: 一般产品 | D9: 汇川区亨乐尔通讯经营部 | E9: 观山湖狗场琴红通讯个体户王仕中 | F9: 18080002 | G9: 任海 | H9: 在职 | I9: 02030001 | J9: 柏超 | M9: 柏超团队 | N9: 周鹏团队 | O9: 贵州大区 | P9: 西区团队 | Q9: 1 | R9: 0 | S9: =IFERROR(VLOOKUP(C9,Sheet2!B:E,4,0),C9) -> 一般产品
A10: 522702018110302195 | B10: 1599 | C10: 优惠产品A | D10: 西安高新区兴和电子产品经销部 | E10: 罗甸县铭星通讯店 | F10: 04100106 | G10: 邓久彪 | H10: 在职 | I10: 23250401 | J10: 王永辉 | M10: 王永辉团队 | N10: 范光文团队 | O10: 贵州大区 | P10: 西区团队 | Q10: 1 | R10: 0 | S10: =IFERROR(VLOOKUP(C10,Sheet2!B:E,4,0),C10) -> 优惠产品
A11: 652302018110101851 | B11: 3098 | C11: 一般产品 | D11: 海口美兰贝肯通讯商店 | E11: 昌吉市宏杨通讯器材经营部 | F11: 04230060 | G11: 戴玮 | H11: 在职 | I11: 08260079 | J11: 胡忠旺 | M11: 胡忠旺团队 | N11: 高骅团队 | O11: 新疆大区 | P11: 北区团队 | Q11: 1 | R11: 0 | S11: =IFERROR(VLOOKUP(C11,Sheet2!B:E,4,0),C11) -> 一般产品
A12: 522602018110302517 | B12: 3280 | C12: 优惠产品A | D12: 汇川区亨乐尔通讯经营部 | E12: 个体户何胜兰 | F12: 26080212 | G12: 周湖星 | H12: 在职 | K12: 24060011 | M12: 预留（夏峰瑞） | N12: 范光文团队 | O12: 贵州大区 | P12: 西区团队 | Q12: 1 | R12: 0 | S12: =IFERROR(VLOOKUP(C12,Sheet2!B:E,4,0),C12) -> 优惠产品
A13: 653102018110302176 | B13: 4000 | C13: 一般产品 | D13: 南昌高新技术产业开发区宇恒联合数码产品店 | E13: 岳普湖县热孜万古丽摩托车销售店 | F13: 01190016 | G13: 艾斯克尔·牙库甫 | H13: 在职 | I13: 17100016 | J13: 卿继蓬 | M13: 卿继蓬团队 | N13: 邹垚睿团队 | O13: 新疆大区 | P13: 北区团队 | Q13: 1 | R13: 0 | S13: =IFERROR(VLOOKUP(C13,Sheet2!B:E,4,0),C13) -> 一般产品
A14: 460102018110102852 | B14: 3498 | C14: 优惠产品B | D14: 海口美兰贝肯通讯商店 | E14: 海口美兰悟俱嘉通讯商行 | F14: 12230183 | G14: 刘文彬 | H14: 在职 | I14: 23170073 | J14: 王群斯 | M14: 王群斯团队 | N14: 方东迅团队 | O14: 海南大区 | P14: 南区团队 | Q14: 1 | R14: 0 | S14: =IFERROR(VLOOKUP(C14,Sheet2!B:E,4,0),C14) -> 优惠产品
A15: 540102018110103439 | B15: 1598 | C15: 一般产品 | D15: 汇川区亨乐尔通讯经营部 | E15: 星宇通讯色拉路店 | F15: 23250450 | G15: 王有琴 | H15: 在职 | I15: 19040037 | J15: 盛玬玛 | M15: 盛玬玛团队 | N15: 预留团队 | O15: 西藏大区 | P15: 直管团队 | Q15: 1 | R15: 0 | S15: =IFERROR(VLOOKUP(C15,Sheet2!B:E,4,0),C15) -> 一般产品
A16: 150802018110301874 | B16: 3498 | C16: 优惠产品A | D16: 西宁市城西区雅勤通讯设备经营部 | E16: 巴彦淖尔市临河区星运通讯二分店 | F16: 03250145 | G16: 曹宇 | H16: 在职 | I16: 12070026 | J16: 李刚刚 | M16: 李刚刚团队 | N16: 预留团队5 | O16: 内蒙古大区 | P16: 北区团队 | Q16: 1 | R16: 0 | S16: =IFERROR(VLOOKUP(C16,Sheet2!B:E,4,0),C16) -> 优惠产品
A17: 540102018110102497 | B17: 3800 | C17: 一般产品 | D17: 西宁市城西区雅勤通讯设备经营部 | E17: 贵尊摩托车行 | F17: 12080304 | G17: 罗华 | H17: 在职 | I17: 19040037 | J17: 盛玬玛 | M17: 盛玬玛团队 | N17: 预留团队 | O17: 西藏大区 | P17: 直管团队 | Q17: 1 | R17: 0 | S17: =IFERROR(VLOOKUP(C17,Sheet2!B:E,4,0),C17) -> 一般产品
A18: 654002018110201542 | B18: 4400 | C18: 一般产品 | D18: 海口美兰贝肯通讯商店 | E18: 霍城县赛合丽电动车维修部 | F18: 03060035 | G18: 陈凤凤 | H18: 离职 | I18: 13120052 | J18: 马丽娜 | M18: 马丽娜团队 | N18: 陈香团队 | O18: 新疆大区 | P18: 北区团队 | Q18: 1 | R18: 0 | S18: =IFERROR(VLOOKUP(C18,Sheet2!B:E,4,0),C18) -> 一般产品
A19: 653002018110302094 | B19: 1800 | C19: 一般产品 | D19: 南昌高新技术产业开发区宇恒联合数码产品店 | E19: 阿图什市祥瑞通讯店 | F19: 19100113 | G19: 孙静杰 | H19: 离职 | I19: 23160051 | J19: 吴鹏飞 | M19: 吴鹏飞团队 | N19: 邹垚睿团队 | O19: 新疆大区 | P19: 北区团队 | Q19: 1 | R19: 0 | S19: =IFERROR(VLOOKUP(C19,Sheet2!B:E,4,0),C19) -> 一般产品
A20: 653102018110302212 | B20: 5000 | C20: 一般产品 | D20: 南昌高新技术产业开发区宇恒联合数码产品店 | E20: 莎车县帕提明麦麦提电动车销售店 | F20: 20190037 | G20: 吐孙·麦麦提尼亚孜 | H20: 离职 | K20: 02110007 | M20: 预留（别克木尔扎·扎依尔） | N20: 邹垚睿团队 | O20: 新疆大区 | P20: 北区团队 | Q20: 1 | R20: 0 | S20: =IFERROR(VLOOKUP(C20,Sheet2!B:E,4,0),C20) -> 一般产品
A21: 652302018110302402 | B21: 1999 | C21: 一般产品 | D21: 海口美兰贝肯通讯商店 | E21: 昌吉市鑫鹏手机经销店 | F21: 25230061 | G21: 杨万鹏 | H21: 在职 | I21: 23250352 | J21: 武亚文 | M21: 武亚文团队 | N21: 高骅团队 | O21: 新疆大区 | P21: 北区团队 | Q21: 1 | R21: 0 | S21: =IFERROR(VLOOKUP(C21,Sheet2!B:E,4,0),C21) -> 一般产品
A22: 652102018110103206 | B22: 1400 | C22: 优惠产品A | D22: 海口美兰贝肯通讯商店 | E22: 高昌区玛雅克通讯店 | F22: 24240108 | G22: 徐孝 | H22: 离职 | I22: 19160015 | J22: 孙鹏翔 | M22: 孙鹏翔团队 | N22: 肖强团队 | O22: 新疆大区 | P22: 北区团队 | Q22: 1 | R22: 0 | S22: =IFERROR(VLOOKUP(C22,Sheet2!B:E,4,0),C22) -> 优惠产品
A23: 610102018110102503 | B23: 3980 | C23: 优惠产品B | D23: 汇川区亨乐尔通讯经营部 | E23: 健康路店 | F23: 24160016 | G23: 徐鹏超 | H23: 在职 | I23: 12250053 | J23: 林雅琼 | M23: 林雅琼团队 | N23: 预留团队4 | O23: 陕西大区 | P23: 西区团队 | Q23: 1 | R23: 0 | S23: =IFERROR(VLOOKUP(C23,Sheet2!B:E,4,0),C23) -> 优惠产品
A24: 654002018110203016 | B24: 4400 | C24: 一般产品 | D24: 海口美兰贝肯通讯商店 | E24: 霍城县大众家电超市 | F24: 03060035 | G24: 陈凤凤 | H24: 离职 | I24: 13120052 | J24: 马丽娜 | M24: 马丽娜团队 | N24: 陈香团队 | O24: 新疆大区 | P24: 北区团队 | Q24: 1 | R24: 0 | S24: =IFERROR(VLOOKUP(C24,Sheet2!B:E,4,0),C24) -> 一般产品
A25: 530102018110302166 | B25: 3000 | C25: 一般产品 | D25: 海口美兰贝肯通讯商店 | E25: 昆明市西山区动盟电动车经营部 | F25: 23020075 | G25: 王斌 | H25: 在职 | I25: 23260067 | J25: 魏长生 | M25: 魏长生团队 | N25: 预留团队10 | O25: 云南大区 | P25: 西区团队 | Q25: 1 | R25: 0 | S25: =IFERROR(VLOOKUP(C25,Sheet2!B:E,4,0),C25) -> 一般产品
A26: 652902018110101878 | B26: 1498 | C26: 一般产品 | D26: 海口美兰贝肯通讯商店 | E26: 乌什县时尚一族通信旗舰店 | F26: 01070001 | G26: 奥格莱姆·萨塔尔 | H26: 离职 | I26: 23130064 | J26: 魏明刚 | M26: 魏明刚团队 | N26: 田学文团队 | O26: 新疆大区 | P26: 北区团队 | Q26: 1 | R26: 0 | S26: =IFERROR(VLOOKUP(C26,Sheet2!B:E,4,0),C26) -> 一般产品
A27: 653102018110103558 | B27: 3000 | C27: 一般产品 | D27: 南昌高新技术产业开发区宇恒联合数码产品店 | E27: 叶城县九洲通讯 | F27: 26120379 | G27: 祖丽皮亚·排孜艾合买提 | H27: 在职 | I27: 26250388 | J27: 周燕 | M27: 周燕团队 | N27: 预留(何天浩） | O27: 新疆大区 | P27: 北区团队 | Q27: 1 | R27: 0 | S27: =IFERROR(VLOOKUP(C27,Sheet2!B:E,4,0),C27) -> 一般产品
A28: 522402018110200846 | B28: 3499 | C28: 优惠产品A | D28: 西安高新区兴和电子产品经销部 | E28: 个体户丁六霞 | F28: 03250305 | G28: 陈延平 | H28: 在职 | K28: 26040028 | M28: 预留（朱达松） | N28: 孙雷团队 | O28: 贵州大区 | P28: 西区团队 | Q28: 1 | R28: 0 | S28: =IFERROR(VLOOKUP(C28,Sheet2!B:E,4,0),C28) -> 优惠产品
A29: 653102018110203651 | B29: 2200 | C29: 一般产品 | D29: 南昌高新技术产业开发区宇恒联合数码产品店 | E29: 莎车县广信通手机配件店 | F29: 07240106 | G29: 关新丽 | H29: 在职 | I29: 13180006 | J29: 莫锐 | M29: 莫锐团队 | N29: 邹垚睿团队 | O29: 新疆大区 | P29: 北区团队 | Q29: 1 | R29: 0 | S29: =IFERROR(VLOOKUP(C29,Sheet2!B:E,4,0),C29) -> 一般产品
A30: 653102018110202810 | B30: 5300 | C30: 一般产品 | D30: 海口美兰贝肯通讯商店 | E30: 喀什市金庚初电动车店 | F30: 10250092 | G30: 蒋玉梁 | H30: 在职 | I30: 12190182 | J30: 李仕兴 | M30: 李仕兴团队 | N30: 邹垚睿团队 | O30: 新疆大区 | P30: 北区团队 | Q30: 1 | R30: 0 | S30: =IFERROR(VLOOKUP(C30,Sheet2!B:E,4,0),C30) -> 一般产品
A31: 653102018110403956 | B31: 4200 | C31: 一般产品 | D31: 南昌高新技术产业开发区宇恒联合数码产品店 | E31: 英吉沙县五星钻豹电动车销售部 | F31: 19140011 | G31: 沙尼亚·麦麦提斯迪克 | H31: 在职 | I31: 25110045 | J31: 姚昆 | M31: 姚昆团队 | N31: 邹垚睿团队 | O31: 新疆大区 | P31: 北区团队 | Q31: 1 | R31: 0 | S31: =IFERROR(VLOOKUP(C31,Sheet2!B:E,4,0),C31) -> 一般产品
A32: 540102018110302380 | B32: 3900 | C32: 一般产品 | D32: 汇川区亨乐尔通讯经营部 | E32: 新宇峰数码 | F32: 04250117 | G32: 丁瑶 | H32: 在职 | I32: 26240321 | J32: 郑向阳 | M32: 郑向阳团队 | N32: 预留团队 | O32: 西藏大区 | P32: 直管团队 | Q32: 1 | R32: 0 | S32: =IFERROR(VLOOKUP(C32,Sheet2!B:E,4,0),C32) -> 一般产品
A33: 653002018110103185 | B33: 4000 | C33: 一般产品 | D33: 海口美兰贝肯通讯商店 | E33: 阿图什市若情品牌手机销售店 | F33: 13250102 | G33: 马依拉·阿扎提 | H33: 在职 | I33: 23160051 | J33: 吴鹏飞 | M33: 吴鹏飞团队 | N33: 邹垚睿团队 | O33: 新疆大区 | P33: 北区团队 | Q33: 1 | R33: 0 | S33: =IFERROR(VLOOKUP(C33,Sheet2!B:E,4,0),C33) -> 一般产品
A34: 652902018110103075 | B34: 1500 | C34: 一般产品 | D34: 海口美兰贝肯通讯商店 | E34: 新和县阿布力米提手机销售店 | F34: 11120028 | G34: 卡力比努尔·阿不来提 | H34: 在职 | K34: 08240143 | M34: 预留（韩潇） | N34: 刘香杰团队 | O34: 新疆大区 | P34: 北区团队 | Q34: 1 | R34: 0 | S34: =IFERROR(VLOOKUP(C34,Sheet2!B:E,4,0),C34) -> 一般产品
A35: 653102018110103373 | B35: 2500 | C35: 一般产品 | D35: 南昌高新技术产业开发区宇恒联合数码产品店 | E35: 伽师县吾布力卡斯木阿白克手机销售店 | F35: 07120082 | G35: 古丽努尔·马木提 | H35: 在职 | I35: 04240047 | J35: 邓雪飞 | M35: 邓雪飞团队 | N35: 邹垚睿团队 | O35: 新疆大区 | P35: 北区团队 | Q35: 1 | R35: 0 | S35: =IFERROR(VLOOKUP(C35,Sheet2!B:E,4,0),C35) -> 一般产品
A36: 653102018110202061 | B36: 2300 | C36: 一般产品 | D36: 南昌高新技术产业开发区宇恒联合数码产品店 | E36: 伽师县布拉克手机卖场 | F36: 01260017 | G36: 艾孜提艾力·阿卜杜热合曼 | H36: 离职 | I36: 04240047 | J36: 邓雪飞 | M36: 邓雪飞团队 | N36: 邹垚睿团队 | O36: 新疆大区 | P36: 北区团队 | Q36: 1 | R36: 0 | S36: =IFERROR(VLOOKUP(C36,Sheet2!B:E,4,0),C36) -> 一般产品
A37: 231202018110401409 | B37: 5000 | C37: 优惠产品B | D37: 西宁市城西区雅勤通讯设备经营部 | E37: 华科手机卖场小米 | F37: 23100294 | G37: 吴继鑫 | H37: 在职 | K37: 23240311 | M37: 预留（王小丽） | N37: 预留团队7 | O37: 黑龙江大区 | P37: 北区团队 | Q37: 1 | R37: 0 | S37: =IFERROR(VLOOKUP(C37,Sheet2!B:E,4,0),C37) -> 优惠产品
A38: 654302018110103370 | B38: 3000 | C38: 优惠产品A | D38: 海口美兰贝肯通讯商店 | E38: 郑庆丽（柜台） | F38: 13180027 | G38: 米热依古丽·阿那尔 | H38: 在职 | I38: 23170097 | J38: 王琦 | M38: 王琦团队 | N38: 肖强团队 | O38: 新疆大区 | P38: 北区团队 | Q38: 1 | R38: 0 | S38: =IFERROR(VLOOKUP(C38,Sheet2!B:E,4,0),C38) -> 优惠产品
A39: 653102018110102806 | B39: 3002 | C39: 一般产品 | D39: 海口美兰贝肯通讯商店 | E39: 宏翔通讯 | F39: 13250094 | G39: 穆耶赛尔·阿布都艾尼 | H39: 在职 | I39: 13230011 | J39: 买吾拉尼·吐尔逊 | M39: 买吾拉尼·吐尔逊团队 | N39: 邹垚睿团队 | O39: 新疆大区 | P39: 北区团队 | Q39: 1 | R39: 0 | S39: =IFERROR(VLOOKUP(C39,Sheet2!B:E,4,0),C39) -> 一般产品
A40: 230102018110202044 | B40: 6000 | C40: 优惠产品B | D40: 西宁市城西区雅勤通讯设备经营部 | E40: 羽翔摩托车商店 | F40: 23120219 | G40: 王磊 | H40: 在职 | K40: 12120291 | M40: 预留（吕龙） | N40: 预留团队 | O40: 黑龙江大区 | P40: 北区团队 | Q40: 1 | R40: 0 | S40: =IFERROR(VLOOKUP(C40,Sheet2!B:E,4,0),C40) -> 优惠产品
A41: 653202018110302088 | B41: 3500 | C41: 优惠产品A | D41: 南昌高新技术产业开发区宇恒联合数码产品店 | E41: 墨玉县阿卜杜热伊木手机销售部 | F41: 01110009 | G41: 艾科热木·艾麦尔 | H41: 在职 | I41: 13060006 | J41: 马飞 | M41: 马飞团队 | N41: 预留(何天浩） | O41: 新疆大区 | P41: 北区团队 | Q41: 1 | R41: 0 | S41: =IFERROR(VLOOKUP(C41,Sheet2!B:E,4,0),C41) -> 优惠产品
A42: 610102018110302383 | B42: 3980 | C42: 优惠产品B | D42: 汇川区亨乐尔通讯经营部 | E42: 健康路店 | F42: 24160016 | G42: 徐鹏超 | H42: 在职 | I42: 12250053 | J42: 林雅琼 | M42: 林雅琼团队 | N42: 预留团队4 | O42: 陕西大区 | P42: 西区团队 | Q42: 1 | R42: 0 | S42: =IFERROR(VLOOKUP(C42,Sheet2!B:E,4,0),C42) -> 优惠产品
A43: 469002018110401286 | B43: 3988 | C43: 优惠产品B | D43: 海口美兰贝肯通讯商店 | E43: 万宁万城百信手机店 | F43: 08170108 | G43: 黄乔曼 | H43: 离职 | I43: 26080146 | J43: 朱海龙 | M43: 朱海龙团队 | N43: 寇春晖团队 | O43: 海南大区 | P43: 南区团队 | Q43: 1 | R43: 0 | S43: =IFERROR(VLOOKUP(C43,Sheet2!B:E,4,0),C43) -> 优惠产品
A44: 652302018110300834 | B44: 2299 | C44: 一般产品 | D44: 西安高新区兴和电子产品经销部 | E44: 乌鲁木齐潮客电子商务有限公司-奇台手机配件杨志亮店 | F44: 04060024 | G44: 杜芙萍 | H44: 在职 | I44: 08100085 | J44: 胡佳冰 | M44: 胡佳冰团队 | N44: 高骅团队 | O44: 新疆大区 | P44: 北区团队 | Q44: 1 | R44: 0 | S44: =IFERROR(VLOOKUP(C44,Sheet2!B:E,4,0),C44) -> 一般产品
A45: 650102018110203059 | B45: 3999 | C45: 一般产品 | D45: 南昌高新技术产业开发区宇恒联合数码产品店 | E45: 天山区中山路鑫德诚通讯产品经销部 | F45: 12160072 | G45: 李普明 | H45: 在职 | K45: 12240182 | M45: 预留（刘雪剑） | N45: 高骅团队 | O45: 新疆大区 | P45: 北区团队 | Q45: 1 | R45: 0 | S45: =IFERROR(VLOOKUP(C45,Sheet2!B:E,4,0),C45) -> 一般产品
A46: 654202018110203327 | B46: 3500 | C46: 一般产品 | D46: 海口美兰贝肯通讯商店 | E46: 裕民县杨丽手机销售一分店 | F46: 24240125 | G46: 徐雪影 | H46: 离职 | K46: 04110010 | M46: 预留（杜开） | N46: 张德军团队 | O46: 新疆大区 | P46: 北区团队 | Q46: 1 | R46: 0 | S46: =IFERROR(VLOOKUP(C46,Sheet2!B:E,4,0),C46) -> 一般产品
A47: 522702018110403914 | B47: 2999 | C47: 优惠产品A | D47: 西安高新区兴和电子产品经销部 | E47: 个体户张金财 | F47: 19080082 | G47: 沈航 | H47: 在职 | I47: 13040003 | J47: 蒙丹 | M47: 蒙丹团队 | N47: 范光文团队 | O47: 贵州大区 | P47: 西区团队 | Q47: 1 | R47: 0 | S47: =IFERROR(VLOOKUP(C47,Sheet2!B:E,4,0),C47) -> 优惠产品
A48: 653102018110402080 | B48: 2600 | C48: 一般产品 | D48: 南昌高新技术产业开发区宇恒联合数码产品店 | E48: 岳普湖新时代手机卖场 | F48: 01020020 | G48: 阿卜杜萨拉木·阿卜来提 | H48: 在职 | I48: 17100016 | J48: 卿继蓬 | M48: 卿继蓬团队 | N48: 邹垚睿团队 | O48: 新疆大区 | P48: 北区团队 | Q48: 1 | R48: 0 | S48: =IFERROR(VLOOKUP(C48,Sheet2!B:E,4,0),C48) -> 一般产品
A49: 522702018110103669 | B49: 2999 | C49: 优惠产品A | D49: 西安高新区兴和电子产品经销部 | E49: 时代广场圣旗店 | F49: 07020018 | G49: 郭彪 | H49: 在职 | I49: 03100091 | J49: 程俊铭 | M49: 程俊铭团队 | N49: 范光文团队 | O49: 贵州大区 | P49: 西区团队 | Q49: 1 | R49: 0 | S49: =IFERROR(VLOOKUP(C49,Sheet2!B:E,4,0),C49) -> 优惠产品
A50: 653102018110103776 | B50: 2000 | C50: 一般产品 | D50: 南昌高新技术产业开发区宇恒联合数码产品店 | E50: 伽师县宇航通讯移动代办点 | F50: 02070010 | G50: 卜古丽·阿卜力米提 | H50: 在职 | I50: 04240047 | J50: 邓雪飞 | M50: 邓雪飞团队 | N50: 邹垚睿团队 | O50: 新疆大区 | P50: 北区团队 | Q50: 1 | R50: 0 | S50: =IFERROR(VLOOKUP(C50,Sheet2!B:E,4,0),C50) -> 一般产品
A51: 460002018110102092 | B51: 2098 | C51: 优惠产品B | D51: 海口美兰贝肯通讯商店 | E51: 定安定城南方电讯行 | F51: 13060012 | G51: 莫发军 | H51: 在职 | I51: 07190038 | J51: 甘善泽 | M51: 甘善泽团队 | N51: 方东迅团队 | O51: 海南大区 | P51: 南区团队 | Q51: 1 | R51: 0 | S51: =IFERROR(VLOOKUP(C51,Sheet2!B:E,4,0),C51) -> 优惠产品
A52: 653102018110103285 | B52: 2800 | C52: 一般产品 | D52: 南昌高新技术产业开发区宇恒联合数码产品店 | E52: 喀什市解放南路福隆电子通讯店 | F52: 03120154 | G52: 陈丽萍 | H52: 在职 | I52: 13230011 | J52: 买吾拉尼·吐尔逊 | M52: 买吾拉尼·吐尔逊团队 | N52: 邹垚睿团队 | O52: 新疆大区 | P52: 北区团队 | Q52: 1 | R52: 0 | S52: =IFERROR(VLOOKUP(C52,Sheet2!B:E,4,0),C52) -> 一般产品
A53: 653102018110201887 | B53: 4310 | C53: 一般产品 | D53: 海口美兰贝肯通讯商店 | E53: 莎车县大利市场麦麦提米司林摩托车配件销售店 | F53: 01250018 | G53: 阿依提拉·玉苏甫 | H53: 在职 | I53: 13180006 | J53: 莫锐 | M53: 莫锐团队 | N53: 邹垚睿团队 | O53: 新疆大区 | P53: 北区团队 | Q53: 1 | R53: 0 | S53: =IFERROR(VLOOKUP(C53,Sheet2!B:E,4,0),C53) -> 一般产品
A54: 520102018110302756 | B54: 1698 | C54: 优惠产品B | D54: 汇川区亨乐尔通讯经营部 | E54: 小河区韩廷圳 | F54: 26260126 | G54: 张忠艳 | H54: 在职 | I54: 12130020 | J54: 刘明杰 | M54: 刘明杰团队 | N54: 王超团队 | O54: 贵州大区 | P54: 西区团队 | Q54: 1 | R54: 0 | S54: =IFERROR(VLOOKUP(C54,Sheet2!B:E,4,0),C54) -> 优惠产品
A55: 650202018110302689 | B55: 3399 | C55: 一般产品 | D55: 海口美兰贝肯通讯商店 | E55: 个体户张丽丽 | F55: 26240380 | G55: 赵晓燕 | H55: 在职 | I55: 03080066 | J55: 陈辉 | M55: 陈辉团队 | N55: 张德军团队 | O55: 新疆大区 | P55: 北区团队 | Q55: 1 | R55: 0 | S55: =IFERROR(VLOOKUP(C55,Sheet2!B:E,4,0),C55) -> 一般产品
A56: 522402018110103530 | B56: 2999 | C56: 10期贷A | D56: 西安高新区兴和电子产品经销部 | E56: 同心路浩洋店 | F56: 12110007 | G56: 李可矜 | H56: 在职 | I56: 03240018 | J56: 陈璇 | M56: 陈璇团队 | N56: 孙雷团队 | O56: 贵州大区 | P56: 西区团队 | Q56: 1 | R56: 0 | S56: =IFERROR(VLOOKUP(C56,Sheet2!B:E,4,0),C56) -> 10期贷
A57: 653202018110103691 | B57: 2800 | C57: 一般产品 | D57: 南昌高新技术产业开发区宇恒联合数码产品店 | E57: 墨玉县杰吾兰手机销售部 | F57: 25250277 | G57: 杨洋 | H57: 在职 | I57: 13060006 | J57: 马飞 | M57: 马飞团队 | N57: 预留(何天浩） | O57: 新疆大区 | P57: 北区团队 | Q57: 1 | R57: 0 | S57: =IFERROR(VLOOKUP(C57,Sheet2!B:E,4,0),C57) -> 一般产品
A58: 520102018110302734 | B58: 1800 | C58: 一般产品 | D58: 汇川区亨乐尔通讯经营部 | E58: 二桥立马车行 | F58: 03130010 | G58: 陈明军 | H58: 在职 | I58: 25020038 | J58: 易斌 | M58: 易斌团队 | N58: 王超团队 | O58: 贵州大区 | P58: 西区团队 | Q58: 1 | R58: 0 | S58: =IFERROR(VLOOKUP(C58,Sheet2!B:E,4,0),C58) -> 一般产品
... A60: 653102018110202004 | B60: 1798 | C60: 一般产品 | D60: 南昌高新技术产业开发区宇恒联合数码产品店 | E60: 喀什市楚涵手机店 | F60: 12080278 | G60: 刘海英 | H60: 在职 | I60: 13230011 | J60: 买吾拉尼·吐尔逊 | M60: 买吾拉尼·吐尔逊团队 | N60: 邹垚睿团队 | O60: 新疆大区 | P60: 北区团队 | Q60: 1 | R60: 0 | S60: =IFERROR(VLOOKUP(C60,Sheet2!B:E,4,0),C60) -> 一般产品
A61: 650102018110302497 | B61: 3200 | C61: 一般产品 | D61: 西安高新区兴和电子产品经销部 | E61: 乌鲁木齐潮客电子商务有限公司-唐山路栾征OPPO店 | F61: 02250056 | G61: 白元程 | H61: 在职 | K61: 18250023 | M61: 预留（任永佳） | N61: 高骅团队 | O61: 新疆大区 | P61: 北区团队 | Q61: 1 | R61: 0 | S61: =IFERROR(VLOOKUP(C61,Sheet2!B:E,4,0),C61) -> 一般产品
A62: 520102018110302078 | B62: 3798 | C62: 优惠产品B | D62: 汇川区亨乐尔通讯经营部 | E62: 南明2区张明志店 | F62: 16250005 | G62: 彭永强 | H62: 在职 | I62: 17250016 | J62: 钱宇 | M62: 钱宇团队 | N62: 王超团队 | O62: 贵州大区 | P62: 西区团队 | Q62: 1 | R62: 0 | S62: =IFERROR(VLOOKUP(C62,Sheet2!B:E,4,0),C62) -> 优惠产品
A63: 520102018110403544 | B63: 2499 | C63: 优惠产品B | D63: 汇川区亨乐尔通讯经营部 | E63: 花溪-谢国通讯 | F63: 26260171 | G63: 赵志兴 | H63: 在职 | I63: 12240324 | J63: 吕鑫 | M63: 吕鑫团队 | N63: 王超团队 | O63: 贵州大区 | P63: 西区团队 | Q63: 1 | R63: 0 | S63: =IFERROR(VLOOKUP(C63,Sheet2!B:E,4,0),C63) -> 优惠产品
A64: 652902018110403606 | B64: 1399 | C64: 一般产品 | D64: 海口美兰贝肯通讯商店 | E64: 沙雅县英买力镇阿特兰通讯特约代理店 | F64: 25190123 | G64: 姚帅 | H64: 在职 | I64: 26100202 | J64: 张俊杰 | M64: 张俊杰团队 | N64: 刘香杰团队 | O64: 新疆大区 | P64: 北区团队 | Q64: 1 | R64: 0 | S64: =IFERROR(VLOOKUP(C64,Sheet2!B:E,4,0),C64) -> 一般产品
A65: 230602018110100900 | B65: 3499 | C65: 优惠产品B | D65: 南昌高新技术产业开发区宇恒联合数码产品店 | E65: 杜尔伯特蒙古族自治县明巍通讯器材商店 | F65: 19020024 | G65: 宋博 | H65: 离职 | I65: 25110055 | J65: 伊可鑫 | M65: 伊可鑫团队 | N65: 预留团队6 | O65: 黑龙江大区 | P65: 北区团队 | Q65: 1 | R65: 0 | S65: =IFERROR(VLOOKUP(C65,Sheet2!B:E,4,0),C65) -> 优惠产品
A66: 654202018110403511 | B66: 3000 | C66: 一般产品 | D66: 海口美兰贝肯通讯商店 | E66: 裕民县信泽通讯第一分店 | F66: 24240125 | G66: 徐雪影 | H66: 离职 | K66: 04110010 | M66: 预留（杜开） | N66: 张德军团队 | O66: 新疆大区 | P66: 北区团队 | Q66: 1 | R66: 0 | S66: =IFERROR(VLOOKUP(C66,Sheet2!B:E,4,0),C66) -> 一般产品
A67: 652302018110401740 | B67: 2500 | C67: 一般产品 | D67: 西安高新区兴和电子产品经销部 | E67: 乌鲁木齐潮客电子商务有限公司-呼图壁玉杰通讯 | F67: 23100199 | G67: 王建振 | H67: 在职 | I67: 23240210 | J67: 王兴杰 | M67: 王兴杰团队 | N67: 高骅团队 | O67: 新疆大区 | P67: 北区团队 | Q67: 1 | R67: 0 | S67: =IFERROR(VLOOKUP(C67,Sheet2!B:E,4,0),C67) -> 一般产品
A68: 652902018110402376 | B68: 2998 | C68: 一般产品 | D68: 南昌高新技术产业开发区宇恒联合数码产品店 | E68: 库车玉奇吾斯塘库尔班联通合作厅 | F68: 13050012 | G68: 买尔旦·库尔班 | H68: 在职 | I68: 26240167 | J68: 张新明 | M68: 张新明团队 | N68: 刘香杰团队 | O68: 新疆大区 | P68: 北区团队 | Q68: 1 | R68: 0 | S68: =IFERROR(VLOOKUP(C68,Sheet2!B:E,4,0),C68) -> 一般产品
A69: 522402018110302749 | B69: 2598 | C69: 优惠产品A | D69: 西安高新区兴和电子产品经销部 | E69: 织金县城关黔大通讯二店 | F69: 26130162 | G69: 赵梅 | H69: 在职 | I69: 24060009 | J69: 徐发刚 | M69: 徐发刚团队 | N69: 孙雷团队 | O69: 贵州大区 | P69: 西区团队 | Q69: 1 | R69: 0 | S69: =IFERROR(VLOOKUP(C69,Sheet2!B:E,4,0),C69) -> 优惠产品
A70: 530102018110402741 | B70: 1498 | C70: 优惠产品B | D70: 海口美兰贝肯通讯商店 | E70: 天天通讯 | F70: 12250233 | G70: 刘永斌 | H70: 在职 | I70: 25260035 | J70: 杨长林 | M70: 杨长林团队 | N70: 预留团队10 | O70: 云南大区 | P70: 西区团队 | Q70: 1 | R70: 0 | S70: =IFERROR(VLOOKUP(C70,Sheet2!B:E,4,0),C70) -> 优惠产品
A71: 520102018110203284 | B71: 1999 | C71: 优惠产品B | D71: 汇川区亨乐尔通讯经营部 | E71: 云岩区张明飞 | F71: 12060043 | G71: 刘芳 | H71: 在职 | I71: 25020038 | J71: 易斌 | M71: 易斌团队 | N71: 王超团队 | O71: 贵州大区 | P71: 西区团队 | Q71: 1 | R71: 0 | S71: =IFERROR(VLOOKUP(C71,Sheet2!B:E,4,0),C71) -> 优惠产品
A72: 654002018110201698 | B72: 4500 | C72: 一般产品 | D72: 海口美兰贝肯通讯商店 | E72: 霍城县赛合丽电动车维修部 | F72: 03060035 | G72: 陈凤凤 | H72: 离职 | I72: 13120052 | J72: 马丽娜 | M72: 马丽娜团队 | N72: 陈香团队 | O72: 新疆大区 | P72: 北区团队 | Q72: 1 | R72: 0 | S72: =IFERROR(VLOOKUP(C72,Sheet2!B:E,4,0),C72) -> 一般产品
A73: 653102018110301998 | B73: 1800 | C73: 一般产品 | D73: 南昌高新技术产业开发区宇恒联合数码产品店 | E73: 莎车县广信通手机配件店 | F73: 24240121 | G73: 谢旭东 | H73: 在职 | I73: 13180006 | J73: 莫锐 | M73: 莫锐团队 | N73: 邹垚睿团队 | O73: 新疆大区 | P73: 北区团队 | Q73: 1 | R73: 0 | S73: =IFERROR(VLOOKUP(C73,Sheet2!B:E,4,0),C73) -> 一般产品
A74: 520402018110402506 | B74: 1299 | C74: 优惠产品B | D74: 南昌高新技术产业开发区宇恒联合数码产品店 | E74: 虹机厂腾飞 | F74: 23040102 | G74: 吴德港 | H74: 在职 | I74: 02240005 | J74: 鲍星 | M74: 鲍星团队 | N74: 吴锐团队 | O74: 贵州大区 | P74: 西区团队 | Q74: 1 | R74: 0 | S74: =IFERROR(VLOOKUP(C74,Sheet2!B:E,4,0),C74) -> 优惠产品
A75: 522702018110403057 | B75: 4400 | C75: 优惠产品B | D75: 南昌高新技术产业开发区宇恒联合数码产品店 | E75: 三都水族自治县宏源商贸有限公司 | F75: 16260016 | G75: 潘正义 | H75: 在职 | I75: 18120006 | J75: 冉龙科 | M75: 冉龙科团队 | N75: 范光文团队 | O75: 贵州大区 | P75: 西区团队 | Q75: 1 | R75: 0 | S75: =IFERROR(VLOOKUP(C75,Sheet2!B:E,4,0),C75) -> 优惠产品
A76: 520102018110403072 | B76: 3299 | C76: 优惠产品B | D76: 汇川区亨乐尔通讯经营部 | E76: 小河区罗东 | F76: 12160092 | G76: 刘鹏 | H76: 在职 | I76: 12130020 | J76: 刘明杰 | M76: 刘明杰团队 | N76: 王超团队 | O76: 贵州大区 | P76: 西区团队 | Q76: 1 | R76: 0 | S76: =IFERROR(VLOOKUP(C76,Sheet2!B:E,4,0),C76) -> 优惠产品
A77: 522602018110403272 | B77: 2398 | C77: 优惠产品A | D77: 南昌高新技术产业开发区宇恒联合数码产品店 | E77: 台江县云凡通讯一分店 | F77: 15170003 | G77: 欧强 | H77: 离职 | K77: 24060011 | M77: 预留（夏峰瑞） | N77: 范光文团队 | O77: 贵州大区 | P77: 西区团队 | Q77: 1 | R77: 0 | S77: =IFERROR(VLOOKUP(C77,Sheet2!B:E,4,0),C77) -> 优惠产品
A78: 231202018110401639 | B78: 8000 | C78: 优惠产品B | D78: 西宁市城西区雅勤通讯设备经营部 | E78: 华科手机卖场小米 | F78: 23100294 | G78: 吴继鑫 | H78: 在职 | K78: 23240311 | M78: 预留（王小丽） | N78: 预留团队7 | O78: 黑龙江大区 | P78: 北区团队 | Q78: 1 | R78: 0 | S78: =IFERROR(VLOOKUP(C78,Sheet2!B:E,4,0),C78) -> 优惠产品
A79: 520102018110403778 | B79: 3499 | C79: 优惠产品B | D79: 汇川区亨乐尔通讯经营部 | E79: 贵州鑫乾丰贸易有限公司-鑫乾丰店 | F79: 04080066 | G79: 董辉成 | H79: 在职 | I79: 12240324 | J79: 吕鑫 | M79: 吕鑫团队 | N79: 王超团队 | O79: 贵州大区 | P79: 西区团队 | Q79: 1 | R79: 0 | S79: =IFERROR(VLOOKUP(C79,Sheet2!B:E,4,0),C79) -> 优惠产品
A80: 654002018110302221 | B80: 2800 | C80: 一般产品 | D80: 南昌高新技术产业开发区宇恒联合数码产品店 | E80: 昭苏县察汗乌苏乡佳迅手机专卖店 | F80: 11120026 | G80: 库丽木汗·多斯木 | H80: 在职 | I80: 19240061 | J80: 盛学良 | M80: 盛学良团队 | N80: 陈香团队 | O80: 新疆大区 | P80: 北区团队 | Q80: 1 | R80: 0 | S80: =IFERROR(VLOOKUP(C80,Sheet2!B:E,4,0),C80) -> 一般产品
A81: 520102018110301472 | B81: 3498 | C81: 一般产品 | D81: 汇川区亨乐尔通讯经营部 | E81: 南明一区李世清 | F81: 23240219 | G81: 汪小丽 | H81: 在职 | I81: 03080036 | J81: 曾辉 | M81: 曾辉团队 | N81: 王超团队 | O81: 贵州大区 | P81: 西区团队 | Q81: 1 | R81: 0 | S81: =IFERROR(VLOOKUP(C81,Sheet2!B:E,4,0),C81) -> 一般产品
A82: 520102018110103817 | B82: 1699 | C82: 优惠产品B | D82: 汇川区亨乐尔通讯经营部 | E82: 南明2区刘春店 | F82: 17100008 | G82: 秦家军 | H82: 在职 | I82: 17250016 | J82: 钱宇 | M82: 钱宇团队 | N82: 王超团队 | O82: 贵州大区 | P82: 西区团队 | Q82: 1 | R82: 0 | S82: =IFERROR(VLOOKUP(C82,Sheet2!B:E,4,0),C82) -> 优惠产品
A83: 522602018110203087 | B83: 1998 | C83: 优惠产品A | D83: 南昌高新技术产业开发区宇恒联合数码产品店 | E83: 台江县云凡通讯一分店 | F83: 15170003 | G83: 欧强 | H83: 离职 | K83: 24060011 | M83: 预留（夏峰瑞） | N83: 范光文团队 | O83: 贵州大区 | P83: 西区团队 | Q83: 1 | R83: 0 | S83: =IFERROR(VLOOKUP(C83,Sheet2!B:E,4,0),C83) -> 优惠产品
A84: 650102018110403484 | B84: 2400 | C84: 一般产品 | D84: 西安高新区兴和电子产品经销部 | E84: 乌鲁木齐潮客电子商务有限公司-粮校全网通白高伟店 | F84: 02250056 | G84: 白元程 | H84: 在职 | K84: 18250023 | M84: 预留（任永佳） | N84: 高骅团队 | O84: 新疆大区 | P84: 北区团队 | Q84: 1 | R84: 0 | S84: =IFERROR(VLOOKUP(C84,Sheet2!B:E,4,0),C84) -> 一般产品
A85: 654002018110402618 | B85: 1798 | C85: 一般产品 | D85: 海口美兰贝肯通讯商店 | E85: 伊宁市世纪翼享手机通讯店 | F85: 08170107 | G85: 洪其婷 | H85: 在职 | I85: 23250234 | J85: 王燕群 | M85: 王燕群团队 | N85: 陈香团队 | O85: 新疆大区 | P85: 北区团队 | Q85: 1 | R85: 0 | S85: =IFERROR(VLOOKUP(C85,Sheet2!B:E,4,0),C85) -> 一般产品
A86: 520202018110102451 | B86: 2699 | C86: 优惠产品A | D86: 南昌高新技术产业开发区宇恒联合数码产品店 | E86: 诚信通讯店 | F86: 23130090 | G86: 吴敏慧 | H86: 离职 | I86: 26240029 | J86: 邹幸朋 | M86: 邹幸朋团队 | N86: 孙雷团队 | O86: 贵州大区 | P86: 西区团队 | Q86: 1 | R86: 0 | S86: =IFERROR(VLOOKUP(C86,Sheet2!B:E,4,0),C86) -> 优惠产品
A87: 530502018110603350 | B87: 2998 | C87: 一般产品 | D87: 海口美兰贝肯通讯商店 | E87: 隆阳区国讯通讯器材经营部 | F87: 25080158 | G87: 余洪仙 | H87: 在职 | M87: 预留团队1 | N87: 预留团队4 | O87: 云南大区 | P87: 西区团队 | Q87: 1 | R87: 0 | S87: =IFERROR(VLOOKUP(C87,Sheet2!B:E,4,0),C87) -> 一般产品
A88: 653102018110601244 | B88: 3710 | C88: 一般产品 | D88: 海口美兰贝肯通讯商店 | E88: 莎车县大利市场麦麦提米司林摩托车配件销售店 | F88: 13180024 | G88: 米热班古丽·亚森 | H88: 在职 | I88: 13180006 | J88: 莫锐 | M88: 莫锐团队 | N88: 邹垚睿团队 | O88: 新疆大区 | P88: 北区团队 | Q88: 1 | R88: 0 | S88: =IFERROR(VLOOKUP(C88,Sheet2!B:E,4,0),C88) -> 一般产品
A89: 460102018110603258 | B89: 3498 | C89: 优惠产品B | D89: 海口美兰贝肯通讯商店 | E89: 联拓-八一店 | F89: 12130171 | G89: 刘明彩 | H89: 在职 | I89: 03260052 | J89: 陈招文 | M89: 陈招文团队 | N89: 方东迅团队 | O89: 海南大区 | P89: 南区团队 | Q89: 1 | R89: 0 | S89: =IFERROR(VLOOKUP(C89,Sheet2!B:E,4,0),C89) -> 优惠产品
A90: 460002018110600984 | B90: 3000 | C90: 优惠购A | D90: 海口美兰贝肯通讯商店 | E90: 澄迈金江清宇台铃电动车商场 | F90: 24240124 | G90: 徐小新 | H90: 在职 | I90: 26060058 | J90: 张峰 | M90: 张峰团队 | N90: 寇春晖团队 | O90: 海南大区 | P90: 南区团队 | Q90: 1 | R90: 0 | S90: =IFERROR(VLOOKUP(C90,Sheet2!B:E,4,0),C90) -> 优惠购
A91: 520202018110602685 | B91: 2599 | C91: 优惠产品A | D91: 汇川区亨乐尔通讯经营部 | E91: 钟山区水西路辉诚通讯经营部-水西路辉诚通讯经营部 | F91: 19250136 | G91: 苏瑶 | H91: 在职 | I91: 26240029 | J91: 邹幸朋 | M91: 邹幸朋团队 | N91: 孙雷团队 | O91: 贵州大区 | P91: 西区团队 | Q91: 1 | R91: 0 | S91: =IFERROR(VLOOKUP(C91,Sheet2!B:E,4,0),C91) -> 优惠产品
A92: 520202018110601292 | B92: 2398 | C92: 优惠产品A | D92: 南昌高新技术产业开发区宇恒联合数码产品店 | E92: 钟山区恒扬通讯经营部 | F92: 07250118 | G92: 高义 | H92: 在职 | I92: 26240029 | J92: 邹幸朋 | M92: 邹幸朋团队 | N92: 孙雷团队 | O92: 贵州大区 | P92: 西区团队 | Q92: 1 | R92: 0 | S92: =IFERROR(VLOOKUP(C92,Sheet2!B:E,4,0),C92) -> 优惠产品
A93: 610102018110603533 | B93: 2299 | C93: 优惠产品B | D93: 汇川区亨乐尔通讯经营部 | E93: 个体户高小成团结村手机批发2店 | F93: 12030209 | G93: 李超 | H93: 在职 | I93: 12250053 | J93: 林雅琼 | M93: 林雅琼团队 | N93: 预留团队4 | O93: 陕西大区 | P93: 西区团队 | Q93: 1 | R93: 0 | S93: =IFERROR(VLOOKUP(C93,Sheet2!B:E,4,0),C93) -> 优惠产品
A94: 520102018110701137 | B94: 3400 | C94: 优惠产品B | D94: 汇川区亨乐尔通讯经营部 | E94: 南明2区邱立红店 | F94: 17100008 | G94: 秦家军 | H94: 在职 | I94: 17250016 | J94: 钱宇 | M94: 钱宇团队 | N94: 王超团队 | O94: 贵州大区 | P94: 西区团队 | Q94: 1 | R94: 0 | S94: =IFERROR(VLOOKUP(C94,Sheet2!B:E,4,0),C94) -> 优惠产品
A95: 652802018110702319 | B95: 3200 | C95: 一般产品 | D95: 海口美兰贝肯通讯商店 | E95: 轮台县买买提江阿吾提电动车行 | F95: 23120236 | G95: 外力·亚森 | H95: 离职 | I95: 26250307 | J95: 张元兵 | M95: 张元兵团队 | N95: 刘香杰团队 | O95: 新疆大区 | P95: 北区团队 | Q95: 1 | R95: 0 | S95: =IFERROR(VLOOKUP(C95,Sheet2!B:E,4,0),C95) -> 一般产品
A96: 522702018110502605 | B96: 2599 | C96: 优惠产品A | D96: 西安高新区兴和电子产品经销部 | E96: 福泉市迅捷通讯 | F96: 25190125 | G96: 杨时红 | H96: 在职 | I96: 23080028 | J96: 王华 | M96: 王华团队 | N96: 范光文团队 | O96: 贵州大区 | P96: 西区团队 | Q96: 1 | R96: 0 | S96: =IFERROR(VLOOKUP(C96,Sheet2!B:E,4,0),C96) -> 优惠产品
A97: 620102018110403984 | B97: 2998 | C97: 一般产品 | D97: 西安高新区兴和电子产品经销部 | E97: 城关区皋兰路湘湘维沃手机店 | F97: 25250322 | G97: 杨言江 | H97: 离职 | I97: 26100136 | J97: 朱军伟 | M97: 朱军伟团队 | N97: 预留团队3 | O97: 甘肃大区 | P97: 北区团队 | Q97: 1 | R97: 0 | S97: =IFERROR(VLOOKUP(C97,Sheet2!B:E,4,0),C97) -> 一般产品
A98: 522702018110700937 | B98: 3498 | C98: 优惠产品 | D98: 西安高新区兴和电子产品经销部 | E98: 福泉市万丰通讯 | F98: 23240264 | G98: 王兴红 | H98: 在职 | I98: 23080028 | J98: 王华 | M98: 王华团队 | N98: 范光文团队 | O98: 贵州大区 | P98: 西区团队 | Q98: 1 | R98: 0 | S98: =IFERROR(VLOOKUP(C98,Sheet2!B:E,4,0),C98) -> 优惠产品
A99: 522402018110302217 | B99: 2080 | C99: 优惠产品A | D99: 西安高新区兴和电子产品经销部 | E99: 威宁县六桥街道伟胜车行 | F99: 03250305 | G99: 陈延平 | H99: 在职 | K99: 26040028 | M99: 预留（朱达松） | N99: 孙雷团队 | O99: 贵州大区 | P99: 西区团队 | Q99: 1 | R99: 0 | S99: =IFERROR(VLOOKUP(C99,Sheet2!B:E,4,0),C99) -> 优惠产品
A100: 652802018110501070 | B100: 2999 | C100: 优惠产品A | D100: 海口美兰贝肯通讯商店 | E100: 和静县汇丰通讯营业部 | F100: 26020066 | G100: 张宝 | H100: 在职 | I100: 12160065 | J100: 李攀 | M100: 李攀团队 | N100: 刘香杰团队 | O100: 新疆大区 | P100: 北区团队 | Q100: 1 | R100: 0 | S100: =IFERROR(VLOOKUP(C100,Sheet2!B:E,4,0),C100) -> 优惠产品
A101: 650102018110603252 | B101: 2200 | C101: 一般产品 | D101: 西安高新区兴和电子产品经销部 | E101: 乌鲁木齐潮客电子商务有限公司-粮校全网通白高伟店 | F101: 02250056 | G101: 白元程 | H101: 在职 | K101: 18250023 | M101: 预留（任永佳） | N101: 高骅团队 | O101: 新疆大区 | P101: 北区团队 | Q101: 1 | R101: 0 | S101: =IFERROR(VLOOKUP(C101,Sheet2!B:E,4,0),C101) -> 一般产品
...

Sheet Sheet2
A1: 渠道 | B1: 产品名称 | C1: 产品编号 | D1: 是否有返点 | E1: 原产品名称 | F1: 产品描述
A2: A01 | B2: 一般产品 | C2: 100003 | D2: 是 | E2: 一般产品
B3: 优惠产品B | C3: 100005 | D3: 是 | E3: 优惠产品
B4: 运营商专享 | C4: 100006 | D4: 是 | E4: 运营商专享
B5: 10期贷A | C5: 100001 | D5: 否 | E5: 10期贷
B6: 一折贷 | C6: 100004 | D6: 否 | E6: 一折贷
B7: 6期购产品A | C7: 100002 | D7: 否 | E7: 6期购产品
A8: A02 | B8: 一般产品 | C8: 100003 | D8: 是 | E8: 一般产品
B9: 优惠产品A | C9: 100007 | D9: 是 | E9: 优惠产品
B10: 运营商专享 | C10: 100006 | D10: 是 | E10: 运营商专享
B11: 10期贷A | C11: 100001 | D11: 否 | E11: 10期贷
B12: 一折贷 | C12: 100004 | D12: 否 | E12: 一折贷
B13: 6期购产品A | C13: 100002 | D13: 否 | E13: 6期购产品
A14: A20 | B14: 009产品A | C14: 100008 | D14: 否 | E14: 009产品
A15: A21 | B15: 10期贷C | C15: 100009 | D15: 是 | E15: 山西10期贷 | F15: 山西-10期贷
A16: A27 | B16: 6期购产品B | C16: 100010 | D16: 是 | E16: 6期购-山西专享 | F16: 山西-6期购
A17: A29 | B17: 003产品 | C17: 100011 | D17: 否 | E17: 003产品
A18: A43 | B18: 优惠购A | C18: 100012 | D18: 是 | E18: 优惠购 | F18: 海南-优惠购
A19: A46 | B19: 优惠购B | C19: 100033 | D19: 是 | E19: 优惠购 | F19: 山西-优惠购
A20: A49 | B20: 灵犀购6 | C20: 100013 | D20: 否 | E20: 灵犀购6 | F20: 海南-灵犀购
B21: 灵犀购9A | C21: 100014 | D21: 否 | E21: 灵犀购9A | F21: 海南-灵犀购
B22: 灵犀购9B | C22: 100015 | D22: 否 | E22: 灵犀购9B | F22: 海南-灵犀购
A23: A54 | B23: 民生通讯129产品 | C23: 100016 | D23: 否 | E23: 民生通讯129产品 | F23: 四川-民生通讯活动产品
B24: 民生通讯198/199产品 | C24: 100017 | D24: 否 | E24: 民生通讯198/199产品 | F24: 四川-民生通讯活动产品
B25: 民生通讯298产品 | C25: 100018 | D25: 否 | E25: 民生通讯298产品 | F25: 四川-民生通讯活动产品
B26: 民生通讯398产品 | C26: 100019 | D26: 否 | E26: 民生通讯398产品 | F26: 四川-民生通讯活动产品
B27: 民生通讯98产品 | C27: 100020 | D27: 否 | E27: 民生通讯98产品 | F27: 四川-民生通讯活动产品
A28: A69 | B28: 民生通讯198/199A | C28: 100025 | D28: 否 | E28: 民生通讯198/199A | F28: 四川-民生通讯活动产品
B29: 民生通讯198B | C29: 100026 | D29: 否 | E29: 民生通讯198B | F29: 四川-民生通讯活动产品
B30: 民生通讯199B | C30: 100027 | D30: 否 | E30: 民生通讯199B | F30: 四川-民生通讯活动产品
B31: 民生通讯398A | C31: 100028 | D31: 否 | E31: 民生通讯398A | F31: 四川-民生通讯活动产品
B32: 民生通讯398B | C32: 100029 | D32: 否 | E32: 民生通讯398B | F32: 四川-民生通讯活动产品
B33: 民生通讯98/99A | C33: 100030 | D33: 否 | E33: 民生通讯98/99A | F33: 四川-民生通讯活动产品
B34: 民生通讯98B | C34: 100031 | D34: 否 | E34: 民生通讯98B | F34: 四川-民生通讯活动产品
B35: 民生通讯99B | C35: 100032 | D35: 否 | E35: 民生通讯99B | F35: 四川-民生通讯活动产品
A36: A61 | B36: 灵犀购9C | C36: 100022 | D36: 否 | E36: 灵犀购9C | F36: 海南-灵犀购
A37: A58 | B37: U客购 | C37: 100021 | D37: 是 | E37: U客购
A38: A62 | B38: 10期贷B | C38: 100023 | D38: 是 | E38: 黑龙江10期贷 | F38: 黑龙江-10期贷
A39: A68 | B39: 黑龙江专享产品 | C39: 100024 | D39: 是 | E39: 黑龙江专享产品
A40: A70 | B40: 读书郎专享 | C40: 100035 | D40: 否 | E40: 读书郎专享
A41: A53 | B41: 灵犀购6A | C41: 100034 | D41: 否 | E41: 灵犀购6A
A42: J28 | B42: 009产品B | D42: 否 | E42: 新疆009产品 | F42: 新疆战略部活动
